"DESCRIPTION","DURATION IN MS","NAME","PARENT SUITE","START TIME","STATUS","STOP TIME","SUB SUITE","SUITE","TEST CLASS","TEST METHOD"
"","5999","@regression verify product image count","chromium","2026-10-03","passed","2026-10-03","","productpage.spec.ts","",""
"","3172","@regression verify footers on login page","chromium","2026-10-03","passed","2026-10-03","","homepagefix.spec.ts","",""
"","3464","@regression verify search results count imac - iMac","chromium","2026-10-03","passed","2026-10-03","","search.spec.ts","",""
"","3146","@regression cart button exists on login page","chromium","2026-10-03","passed","2026-10-03","","homepagefix.spec.ts","",""
"Verify user can login with valid credentials","3313","@regression user is able to login to the app with valid credentials","chromium","2026-10-03","passed","2026-10-03","","Login tests","",""
"","3712","@regression user is able to login to the app with invalid credentials with json data - pwapril@open.com -","chromium","2026-10-03","passed","2026-10-03","","loginpagefix.spec.ts","",""
"","5442","@regression verify product info","chromium","2026-10-03","passed","2026-10-03","","productpage.spec.ts","",""
"","3410","@regression verify search results count macbook - MacBook Air","chromium","2026-10-03","passed","2026-10-03","","search.spec.ts","",""
"","3644","@regression verify search results count macbook - MacBook Pro","chromium","2026-10-03","passed","2026-10-03","","search.spec.ts","",""
"","335","@regression delete - delete a user api","chromium","2026-10-03","passed","2026-10-03","running e2e go rest tests","api/users.api.spec.ts","",""
"","3219","@regression home page headers exist test","chromium","2026-10-03","passed","2026-10-03","","homepagefix.spec.ts","",""
"","3837","@regression logout link exists","chromium","2026-10-03","passed","2026-10-03","","homepagefix.spec.ts","",""
"","2881","@regression user is able to login to the app with invalid credentials with json data - invalid@open.com - wrong123","chromium","2026-10-03","passed","2026-10-03","","loginpagefix.spec.ts","",""
"","338","@regression post - create a user api","chromium","2026-10-03","passed","2026-10-03","running e2e go rest tests","api/users.api.spec.ts","",""
"","2735","@regression user is able to login to the app with invalid credentials with json data - - pw1234","chromium","2026-10-03","passed","2026-10-03","","loginpagefix.spec.ts","",""
"","1549","@regression get a user - schema test","chromium","2026-10-03","passed","2026-10-03","","api/users.api.schema.spec.ts","",""
"","2300","@regression forgot password link exist test","chromium","2026-10-03","passed","2026-10-03","","loginpagefix.spec.ts","",""
"","113","@regression booking CRUD with token","chromium","2026-10-03","passed","2026-10-03","","api/booker.api.spec.ts","",""
"","382","@regression put - update a user api","chromium","2026-10-03","passed","2026-10-03","running e2e go rest tests","api/users.api.spec.ts","",""
